model,rouge_l,bertscore,sbert_cosine,jaccard,meteor
ministral_8b.csv,0.2775817551843997,0.8918300867080688,0.7412197589874268,0.19527156327938686,0.2931979778255319
llama_3_8b.csv,0.28224431437557446,0.8881725072860718,0.7493704557418823,0.20797771812043844,0.29900256468282055
qwen_3b.csv,0.2659767426321689,0.88726806640625,0.7420232892036438,0.19655292281019252,0.3176152417735809
gemma_2_9b.csv,0.2287212720591613,0.8608072996139526,0.6613278388977051,0.20202354136985273,0.2886385084346244
gemma_model.csv,0.30167778151042973,0.8985036611557007,0.7305095195770264,0.19353864811377877,0.24398378640800522
deepseek_llama_8b.csv,0.13988035601979965,0.7931090593338013,0.39001572132110596,0.06916624039517404,0.11982786591932378
qwen_7b.csv,0.26663033004147096,0.8880263566970825,0.7389171719551086,0.19739926668137409,0.31008266358713044
mistral_7b.csv,0.2592671288143606,0.8650010824203491,0.6447842717170715,0.1671667546640895,0.26063993327000173
