model,rouge_l,bertscore,sbert_cosine,jaccard,meteor
ministral_8b.csv,0.2644866806015829,0.8862460255622864,0.7223492860794067,0.18278005953281273,0.27010478378644104
llama_3_8b.csv,0.25231693436345065,0.8816070556640625,0.7219928503036499,0.2031608172134811,0.28678199999887033
qwen_3b.csv,0.25198739574724194,0.8872866630554199,0.737784743309021,0.18821993040550614,0.29856196736637186
gemma_2_9b.csv,0.28533458207896917,0.8910247087478638,0.7280369400978088,0.1865816570387032,0.24602803795640185
gemma_model.csv,0.27615359276023993,0.89185631275177,0.7166916728019714,0.17231699272854292,0.21476125734639656
deepseek_llama_8b.csv,0.27301274532626046,0.8876394033432007,0.7260802984237671,0.19218786267351387,0.26861601669337454
qwen_7b.csv,0.29614970376341104,0.8955740928649902,0.7613987326622009,0.21765201519632435,0.32892556285432784
mistral_7b.csv,0.22404162843858508,0.8641942739486694,0.6846648454666138,0.15780510827356112,0.27052988562694075
